system:index,asp,c_kg_m2,datetime,elev,l8_b2,l8_b3,l8_b4,ndvi,ndwi,rugosity,siteid_sample,slope,tc_bright,tc_green,tc_wet,timestamp,.geo
0_00000000000000000000,97.40095697596108,10.7266666666667,2000-01-01 00:00:00,26.211078643798828,0.048765,0.07761249999999997,0.09004250000000003,0.5563780584688718,-0.6055398494329914,1.5847978110815768,12ABM_AM12,1.614199470302282,0.38231918350000005,0.18727924475000002,-0.1177964245,946684800000,"{""type"":""Polygon"",""coordinates"":[[[-163.2868850649134,61.2624613820541],[-163.2868955204608,61.26246066574397],[-163.28690514374532,61.26245857383196],[-163.28691316875253,61.2624552728345],[-163.2869189566917,61.26245102551133],[-163.2869220468434,61.262446169949705],[-163.28692219323264,61.26244109265247],[-163.28691938420837,61.26243619777253],[-163.28691384337006,61.26243187494216],[-163.28690601176902,61.26242846825832],[-163.28689651280058,61.26242624889276],[-163.2868861025818,61.262425393506675],[-163.28687560976473,61.26242597018871],[-163.28686586957627,61.26242793303503],[-163.28685765733448,61.26243112580333],[-163.28685162673347,61.262435294349565],[-163.28684825780957,61.26244010685777],[-163.28684781873025,61.262445180252506],[-163.28685034444763,61.262450110691574],[-163.2868556339158,61.26245450571186],[-163.28686326609377,61.26245801546946],[-163.2868726334602,61.26246036058735],[-163.28688299037182,61.26246135439386],[-163.2868850649134,61.2624613820541]]]}"
0_00000000000000000001,284.77073150732963,7.28000020980835,2000-01-01 00:00:00,26.29344367980957,0.05297249999999998,0.08432250000000002,0.10008,0.5306751702873489,-0.5893992975878166,1.5540930377671391,12ABM_AM14,0.32176447799919955,0.40026426725,0.18862638725,-0.11701629350000003,946684800000,"{""type"":""Polygon"",""coordinates"":[[[-163.28730867951347,61.26243908654883],[-163.28731913505348,61.262438370238705],[-163.28732875833114,61.26243627832668],[-163.28733678333265,61.26243297732923],[-163.28734257126771,61.26242873000608],[-163.2873456614172,61.26242387444444],[-163.2873458078064,61.262418797147205],[-163.2873429987841,61.26241390226726],[-163.2873374579497,61.26240957943689],[-163.28732962635422,61.26240617275307],[-163.28732012739252,61.26240395338749],[-163.28730971718113,61.26240309800141],[-163.28729922437148,61.26240367468343],[-163.28728948418998,61.26240563752975],[-163.287281271954,61.26240883029806],[-163.28727524135726,61.26241299884429],[-163.28727187243578,61.2624178113525],[-163.28727143335678,61.26242288474724],[-163.28727395907234,61.2624278151863],[-163.28727924853675,61.26243221020659],[-163.28728688070933,61.26243571996419],[-163.28729624806908,61.26243806508208],[-163.2873066049734,61.26243905888859],[-163.28730867951347,61.26243908654883]]]}"
0_00000000000000000002,68.97026777819924,2.444999933242798,2000-01-01 00:00:00,24.278724670410156,0.037434999999999996,0.06972,0.07973000000000002,0.5838129167808531,-0.6263014726573493,1.6096697322226305,13ABM_AM16,2.597796612970615,0.35399956800000004,0.18607962875000003,-0.10936787525000001,946684800000,"{""type"":""Polygon"",""coordinates"":[[[-163.28640794110066,61.26269325530887],[-163.28641839672525,61.26269253899874],[-163.28642802008076,61.262690447086726],[-163.2864360451472,61.26268714608927],[-163.2864418331291,61.2626828987661],[-163.28644492330358,61.262678043204474],[-163.28644506969394,61.26267296590726],[-163.28644226064895,61.26266807102731],[-163.2864367197697,61.26266374819693],[-163.28642888811086,61.262660341513104],[-163.28641938907234,61.26265812214752],[-163.2864089787767,61.262657266761444],[-163.2863984858822,61.26265784344348],[-163.28638874562188,61.2626598062898],[-163.28638053331946,61.2626629990581],[-163.28637450267394,61.262667167604334],[-163.2863711337252,61.262671980112536],[-163.28637069464264,61.26267705350728],[-163.28637322037866,61.262681983946344],[-163.28637850988585,61.26268637896663],[-163.28638614212016,61.26268988872423],[-163.28639550955572,61.26269223384212],[-163.2864058665438,61.262693227648626],[-163.28640794110066,61.26269325530887]]]}"
0_00000000000000000003,358.51543980914323,1.4500000476837158,2000-01-01 00:00:00,23.576004028320312,0.03512499999999999,0.06328499999999998,0.0685925,0.5935530223910999,-0.6190117845371221,1.6277540461952524,13ABM_AM17,0.661252858058634,0.31179397325,0.16454088900000002,-0.09332985875000002,946684800000,"{""type"":""Polygon"",""coordinates"":[[[-163.28636335009014,61.262795814633094],[-163.28637380574884,61.26279509832297],[-163.28638342913578,61.26279300641095],[-163.28639145422844,61.262789705413496],[-163.28639724222919,61.26278545809033],[-163.28640033241376,61.2627806025287],[-163.28640047880464,61.26277552523148],[-163.28639766975044,61.26277063035154],[-163.28639212885312,61.262766307521154],[-163.28638429716872,61.262762900837316],[-163.28637479809916,61.262760681471754],[-163.28636438776957,61.26275982608567],[-163.2863538948408,61.262760402767704],[-163.28634415454866,61.26276236561402],[-163.28633594221944,61.26276555838233],[-163.28632991155422,61.26276972692856],[-163.28632654259448,61.262774539436776],[-163.2863261035105,61.26277961283151],[-163.28632862925477,61.26278454327057],[-163.28633391877923,61.262788938290846],[-163.28634155103848,61.26279244804846],[-163.28635091850458,61.26279479316634],[-163.28636127552647,61.26279578697285],[-163.28636335009014,61.262795814633094]]]}"
0_00000000000000000004,265.00813799211306,8.770000457763672,2000-01-01 00:00:00,32.216064453125,0.04502500000000001,0.0723875,0.08272750000000001,0.5801300555114988,-0.6227091192202698,1.8028216698618866,21ABM_AM42,0.8343189605353301,0.36997923499999996,0.18935317374999996,-0.11649413450000003,946684800000,"{""type"":""Polygon"",""coordinates"":[[[-163.00180135726345,61.26924813385743],[-163.00181181507,61.269247417547305],[-163.00182144043384,61.26924532563529],[-163.00182946717504,61.26924202463783],[-163.0018352563648,61.26923777731468],[-163.00183834718422,61.26923292175304],[-163.0018384936051,61.269227844455806],[-163.0018356839739,61.26922294957587],[-163.00183014193834,61.26921862674549],[-163.00182230864507,61.26921522006165],[-163.00181280762422,61.269213000696084],[-163.00180239515603,61.26921214531001],[-163.00179190007177,61.26921272199204],[-163.00178215777873,61.26921468483836],[-163.0017739437625,61.269217877606664],[-163.00176791185845,61.2692220461529],[-163.00176454220662,61.2692268586611],[-163.00176410303243,61.269231932055845],[-163.0017666292955,61.26923686249491],[-163.00177191990662,61.2692412575152],[-163.0017795537337,61.269244767272795],[-163.0017889231241,61.26924711239068],[-163.00179928227362,61.26924810619719],[-163.00180135726345,61.26924813385743]]]}"
0_00000000000000000005,173.41027923574043,10.739999771118164,2000-01-01 00:00:00,32.40100860595703,0.037132499999999985,0.0628725,0.06765749999999998,0.6294643162758857,-0.6510984246779642,1.7746144652152414,21ABM_AM43,0.46905540619744057,0.350796962,0.18860341925000004,-0.13164049925000001,946684800000,"{""type"":""Polygon"",""coordinates"":[[[-163.00100763727593,61.26902517880476],[-163.00101809500828,61.26902446249462],[-163.0010277203038,61.26902237058261],[-163.001035746988,61.26901906958516],[-163.00104153613668,61.269014822261994],[-163.00104462693412,61.26900996670035],[-163.001044773354,61.269004889403135],[-163.0010419637427,61.26899999452319],[-163.0010364217465,61.26899567169281],[-163.00102858850886,61.26899226500898],[-163.0010190875554,61.268990045643406],[-163.00100867516116,61.26898919025732],[-163.00099818015136,61.268989766939356],[-163.0009884379275,61.26899172978569],[-163.00098022396958,61.26899492255398],[-163.00097419210832,61.26899909110023],[-163.00097082248044,61.26900390360843],[-163.00097038330935,61.26900897700317],[-163.00097290955455,61.269013907442236],[-163.00097820012803,61.269018302462506],[-163.00098583390098,61.269021812220124],[-163.00099520322487,61.26902415733801],[-163.00100556230083,61.269025151144504],[-163.00100763727593,61.26902517880476]]]}"
0_00000000000000000006,226.71017835082145,7.340000152587891,2000-01-01 00:00:00,32.07551574707031,0.04054250000000001,0.06743749999999998,0.07134249999999998,0.6230226091321608,-0.6399420703831498,1.7710481466926393,21ABM_AM44,1.1725254674027843,0.3456299375,0.19289702725000002,-0.09851716725000001,946684800000,"{""type"":""Polygon"",""coordinates"":[[[-163.00160069771604,61.26896721049106],[-163.00161115542906,61.26896649418094],[-163.00162078070682,61.268964402268914],[-163.00162880737625,61.268961101271465],[-163.0016345965142,61.268956853948296],[-163.00163768730596,61.26895199838667],[-163.00163783372557,61.26894692108944],[-163.00163502411945,61.268942026209494],[-163.00162948213347,61.26893770337912],[-163.0016216489103,61.268934296695285],[-163.00161214797436,61.26893207732972],[-163.00160173559934,61.26893122194364],[-163.00159124060895,61.268931798625665],[-163.00158149840306,61.268933761472],[-163.00157328446025,61.26893695424029],[-163.00156725261016,61.26894112278653],[-163.00156388298848,61.268945935294745],[-163.0015634438182,61.26895100868947],[-163.00156597005875,61.26895593912853],[-163.00157126062248,61.26896033414882],[-163.0015788943813,61.26896384390642],[-163.00158826368795,61.26896618902431],[-163.00159862274478,61.26896718283082],[-163.00160069771604,61.26896721049106]]]}"
0_00000000000000000007,233.52371154706185,10.609999656677246,2000-01-01 00:00:00,31.348705291748047,0.03787499999999999,0.06509999999999999,0.07257999999999998,0.597074375806698,-0.6309366894850972,1.7422267029617677,21ABM_AM45,0.7084813351789803,0.338888219,0.17831049100000004,-0.11099024875,946684800000,"{""type"":""Polygon"",""coordinates"":[[[-163.0015561067055,61.26876655094366],[-163.00156656435175,61.268765834633534],[-163.00157618956797,61.26876374272151],[-163.0015842161861,61.26876044172406],[-163.0015900052871,61.26875619440089],[-163.0015930960591,61.268751338839266],[-163.00159324247778,61.268746261542034],[-163.00159043288963,61.26874136666209],[-163.00158489093903,61.26873704383172],[-163.0015770577659,61.26873363714788],[-163.0015675568907,61.268731417782305],[-163.00155714458216,61.268730562396236],[-163.00154664965882,61.26873113907826],[-163.00153690751515,61.26873310192458],[-163.00152869362486,61.26873629469289],[-163.00152266181328,61.268740463239126],[-163.00151929221315,61.26874527574733],[-163.0015188530457,61.26875034914207],[-163.00152137927006,61.26875527958113],[-163.0015266698,61.26875967460142],[-163.00153430351006,61.26876318435902],[-163.00154367275684,61.26876552947691],[-163.00155403174747,61.26876652328342],[-163.0015561067055,61.26876655094366]]]}"
0_00000000000000000008,292.80232179969846,9.9399995803833,2000-01-01 00:00:00,27.608762741088867,0.03625249999999999,0.05308249999999998,0.058362499999999984,0.5834411384217336,-0.6138506724377804,1.9489498217812604,22ABM_AM35,2.395251629071333,0.27730788149999996,0.133091746,-0.10573881025000002,946684800000,"{""type"":""Polygon"",""coordinates"":[[[-163.0071389012244,61.26710776535179],[-163.00714935831837,61.26710704904166],[-163.00715898302633,61.267104957129646],[-163.00716700922058,61.26710165613219],[-163.0071727980159,61.26709740880902],[-163.00717588862466,61.26709255324738],[-163.0071760350356,61.26708747595016],[-163.0071732255958,61.26708258107022],[-163.0071676839379,61.26707825823985],[-163.00715985117841,61.26707485155601],[-163.00715035080492,61.267072632190434],[-163.00713993904628,61.267071776804364],[-163.00712944467716,61.2670723534864],[-163.00711970304795,61.26707431633272],[-163.0071114895914,61.26707750910101],[-163.00710545809838,61.267081677647255],[-163.0071020886762,61.26708649015546],[-163.0071016495319,61.267091563550196],[-163.00710417562289,61.267096493989264],[-163.00710946587344,61.26710088900955],[-163.00711709918036,61.26710439876715],[-163.00712646793235,61.26710674388504],[-163.00713682637598,61.267107737691546],[-163.0071389012244,61.26710776535179]]]}"
0_00000000000000000009,238.7900491744819,4.579999923706055,2000-01-01 00:00:00,29.808834075927734,0.05140499999999998,0.07673249999999998,0.08784249999999999,0.5610919924302515,-0.6056582319952206,1.917991774539677,22ABM_AM37,3.0730393267165153,0.38237333649999994,0.18508489874999995,-0.12324814825000004,946684800000,"{""type"":""Polygon"",""coordinates"":[[[-163.00703634190018,61.26722816108022],[-163.0070467990342,61.2672274447701],[-163.00705642377906,61.26722535285808],[-163.0070644500041,61.26722205186062],[-163.00707023882157,61.26721780453746],[-163.00707332944216,61.267212948975825],[-163.0070734758537,61.26720787167859],[-163.00707066640317,61.26720297679866],[-163.00706512472397,61.26719865396828],[-163.0070572919345,61.26719524728445],[-163.00704779152457,61.267193027918886],[-163.00703737972603,61.267192172532795],[-163.00702688531666,61.26719274921483],[-163.00701714365013,61.26719471206115],[-163.00700893016213,61.26719790482945],[-163.00700289864596,61.267202073375685],[-163.00699952921084,61.267206885883894],[-163.0069990900649,61.26721195927863],[-163.00700161616552,61.267216889717695],[-163.00700690643637,61.26722128473797],[-163.00701453977257,61.26722479449558],[-163.00702390856048,61.26722713961347],[-163.0070342670438,61.267228133419984],[-163.00703634190018,61.26722816108022]]]}"
0_0000000000000000000a,221.30072849567253,9.579999923706055,2000-01-01 00:00:00,28.059741973876953,0.0382875,0.06061749999999999,0.066475,0.61862279657492,-0.6462848014938111,1.9186193615310185,22ABM_AM39,2.221255933438863,0.33006767375,0.17713674149999997,-0.11315170749999999,946684800000,"{""type"":""Polygon"",""coordinates"":[[[-163.00708093291072,61.26689818760226],[-163.0070913899349,61.26689747129214],[-163.00710101457864,61.26689537938012],[-163.00710904071934,61.26689207838267],[-163.00711482947602,61.26688783105951],[-163.0071179200642,61.266882975497865],[-163.00711806647413,61.26687789820064],[-163.0071152570531,61.2668730033207],[-163.00710971543216,61.266868680490326],[-163.00710188272492,61.2668652738065],[-163.00709238241484,61.266863054440925],[-163.00708197072566,61.26686219905484],[-163.00707147642655,61.26686277573687],[-163.00706173486236,61.26686473858319],[-163.00705352146062,61.26686793135149],[-163.00704749000784,61.266872099897725],[-163.0070441206081,61.26687691240594],[-163.00704368146677,61.26688198580067],[-163.00704620754087,61.266886916239734],[-163.00705149775615,61.266891311260025],[-163.00705913101214,61.26689482101762],[-163.00706849970163,61.266897166135514],[-163.00707885807614,61.26689815994202],[-163.00708093291072,61.26689818760226]]]}"
0_0000000000000000000b,243.83958215091735,2.109999895095825,2000-01-01 00:00:00,27.159774780273438,0.040982500000000005,0.06375249999999999,0.07073750000000001,0.5654777901485776,-0.5997991227313032,1.945072550681493,22ABM_AM40,2.870037107980662,0.3053673855,0.15072295575,-0.089872017,946684800000,"{""type"":""Polygon"",""coordinates"":[[[-163.00729051066023,61.26744665703185],[-163.00730096786702,61.26744594072172],[-163.0073105926788,61.2674438488097],[-163.00731861895966,61.26744054781225],[-163.0073244078174,61.26743630048908],[-163.00732749845952,61.26743144492745],[-163.00732764487205,61.26742636763022],[-163.00732483540193,61.26742147275028],[-163.00731929368422,61.26741714991989],[-163.00731146084024,61.267413743236084],[-163.00730196036426,61.26741152387049],[-163.00729154849327,61.26741066848442],[-163.00728105401095,61.26741124516645],[-163.00727131227663,61.26741320801277],[-163.0072630987315,61.26741640078107],[-163.00725706717338,61.267420569327314],[-163.00725369771482,61.267425381835515],[-163.00725325856584,61.267430455230254],[-163.00725578468402,61.267435385669316],[-163.00726107499167,61.26743978068961],[-163.00726870838096,61.267443290447204],[-163.00727807723402,61.267445635565096],[-163.0072884357894,61.267446629371605],[-163.00729051066023,61.26744665703185]]]}"
0_0000000000000000000c,170.8319026604008,3.5399999618530273,2000-01-01 00:00:00,28.017803192138672,0.022557500000000008,0.03683,0.03982749999999999,0.6052970615925872,-0.6295001571832758,1.9132118427938365,22ABM_AM41,0.5161944168343203,0.1918341195,0.10002729425000004,-0.06530498000000001,946684800000,"{""type"":""Polygon"",""coordinates"":[[[-163.00683568235277,61.266541459517995],[-163.00684613925824,61.26654074320787],[-163.00685576379266,61.26653865129585],[-163.0068637898422,61.2665353502984],[-163.00686957853316,61.26653110297523],[-163.0068726690862,61.2665262474136],[-163.00687281549452,61.26652117011637],[-163.00687000610537,61.266516275236434],[-163.00686446454733,61.266511952406056],[-163.00685663192908,61.26650854572223],[-163.0068471317269,61.26650632635665],[-163.00683672015595,61.26650547097057],[-163.006826225976,61.266506047652605],[-163.00681648452243,61.266508010498924],[-163.00680827121397,61.26651120326723],[-163.00680223982968,61.26651537181346],[-163.00679887046823,61.26652018432168],[-163.00679843133187,61.26652525771641],[-163.0068009573773,61.26653018815547],[-163.00680624753247,61.26653458317576],[-163.0068138807018,61.26653809293336],[-163.0068232492849,61.266540438051244],[-163.00683360754175,61.26654143185775],[-163.00683568235277,61.266541459517995]]]}"
0_0000000000000000000d,259.3709948941682,8.329999923706055,2000-01-01 00:00:00,32.118438720703125,0.0416975,0.07299250000000002,0.0841575,0.5862691960252936,-0.6310318899553274,1.9596337447551868,23ABM_AM34,3.141090308884428,0.38002713,0.19898837075000003,-0.12173982,946684800000,"{""type"":""Polygon"",""coordinates"":[[[-163.05486911890048,61.26912773812899],[-163.05487957666696,61.26912702181886],[-163.05488920199392,61.26912492990684],[-163.05489722870433,61.26912162890939],[-163.0549030178719,61.26911738158622],[-163.05490610867943,61.26911252602459],[-163.0549062550998,61.26910744872736],[-163.05490344547934,61.26910255384742],[-163.05489790346502,61.26909823101703],[-163.05489007020182,61.26909482433321],[-163.05488056921735,61.26909260496763],[-163.0548701567891,61.26909174958156],[-163.05485966174504,61.26909232626358],[-163.05484991948936,61.269094289109916],[-163.0548417055046,61.269097481878205],[-163.05483567362367,61.26910165042445],[-163.05483230398474,61.269106462932655],[-163.05483186481226,61.26911153632739],[-163.05483439106567,61.26911646676645],[-163.05483968165646,61.26912086178673],[-163.0548473154543,61.26912437154435],[-163.0548566848088,61.269126716662235],[-163.0548670439186,61.26912771046873],[-163.05486911890048,61.26912773812899]]]}"
0_0000000000000000000e,256.94041690523625,10.164999961853027,2000-01-01 00:00:00,31.26806640625,0.0476925,0.07623750000000001,0.09050999999999998,0.5524679530761339,-0.6092513694461351,1.9782440862602308,23ABM_AM36,1.4375432577984515,0.38536403025,0.18635914425000003,-0.12714280825000002,946684800000,"{""type"":""Polygon"",""coordinates"":[[[-163.05477547777838,61.26949784351643],[-163.0547859356681,61.2694971272063],[-163.05479556110845,61.26949503529428],[-163.05480358791345,61.26949173429683],[-163.05480937714924,61.269487486973674],[-163.0548124679932,61.26948263141203],[-163.0548126144153,61.26947755411481],[-163.05480980476173,61.26947265923486],[-163.0548042626821,61.269468336404486],[-163.05479642932661,61.26946492972065],[-163.05478692823016,61.269462710355086],[-163.05477651567924,61.269461854969],[-163.0547660205115,61.26946243165103],[-163.054756278141,61.26946439449735],[-163.05474806405945,61.26946758726565],[-163.05474203210744,61.269471755811885],[-163.05473866242886,61.26947656832011],[-163.05473822325118,61.26948164171483],[-163.05474074953435,61.269486572153895],[-163.05474604018747,61.269490967174185],[-163.05475367407527,61.26949447693178],[-163.0547630435402,61.269496822049675],[-163.05477340277207,61.269497815856184],[-163.05477547777838,61.26949784351643]]]}"
0_0000000000000000000f,346.25715829366186,13.770000457763672,2000-01-01 00:00:00,20.377582550048828,0.04788500000000001,0.07458749999999997,0.09282000000000001,0.5150660240586183,-0.5908333504762298,2.777007025701992,9ABM_AM3,2.654032120872505,0.37332358424999995,0.165517843,-0.13280274549999999,946684800000,"{""type"":""Polygon"",""coordinates"":[[[-163.19690040565484,61.22489791477986],[-163.19691084871846,61.22489719846974],[-163.1969204605129,61.22489510655772],[-163.19692847593836,61.22489180556026],[-163.19693425696678,61.22488755823711],[-163.1969373434289,61.224882702675465],[-163.19693748964343,61.22487762537825],[-163.19693468397307,61.22487273049831],[-163.19692914975045,61.22486840766792],[-163.1969213275002,61.22486500098409],[-163.1969118398734,61.22486278161851],[-163.19690144208425,61.22486192623243],[-163.19689096179545,61.224862502914455],[-163.19688123323664,61.22486446576079],[-163.19687303080013,61.22486765852909],[-163.1968670073996,61.224871827075326],[-163.19686364249816,61.22487663958354],[-163.1968632039431,61.224881712978274],[-163.1968657266448,61.224886643417335],[-163.19687100979743,61.224891038437626],[-163.19687863286273,61.22489454819522],[-163.19688798904463,61.22489689331311],[-163.19689833359024,61.22489788711961],[-163.19690040565484,61.22489791477986]]]}"
0_00000000000000000010,343.68348710102265,17.549999237060547,2000-01-01 00:00:00,19.64507484436035,0.049095,0.07524750000000002,0.09210499999999999,0.519664148212854,-0.5895348361494087,2.7632996544918735,9ABM_AM4,2.9440363765697337,0.37401003650000003,0.16649010550000004,-0.13165444174999996,946684800000,"{""type"":""Polygon"",""coordinates"":[[[-163.19709660610124,61.224960342194606],[-163.19710704918555,61.22495962588449],[-163.19711666099906,61.224957533972464],[-163.1971246764404,61.22495423297502],[-163.19713045748034,61.22494998565186],[-163.19713354394858,61.22494513009023],[-163.19713369016338,61.224940052792995],[-163.19713088448748,61.22493515791306],[-163.19712535025383,61.22493083508267],[-163.1971175279881,61.224927428398836],[-163.19710804034247,61.22492520903326],[-163.1970976425327,61.22492435364719],[-163.1970871622231,61.2249249303292],[-163.19707743364498,61.22492689317555],[-163.19706923119222,61.22493008594384],[-163.19706320777973,61.22493425449007],[-163.1970598428716,61.22493906699829],[-163.1970594043157,61.22494414039302],[-163.1970619270224,61.22494907083208],[-163.1970672101855,61.22495346585237],[-163.19707483326593,61.22495697560997],[-163.19708418946635,61.224959320727855],[-163.19709453403252,61.22496031453437],[-163.19709660610124,61.224960342194606]]]}"
0_00000000000000000011,317.1477904728806,14.75,2000-01-01 00:00:00,18.10674285888672,0.04821500000000001,0.07134249999999998,0.08765,0.5385293749876603,-0.607539229573804,2.7265573298897294,9ABM_AM5,2.8571310388451074,0.36599873099999997,0.17075009749999995,-0.12490980275,946684800000,"{""type"":""Polygon"",""coordinates"":[[[-163.19734185665914,61.2250272287104],[-163.1973522997657,61.22502651240027],[-163.19736191159961,61.22502442048826],[-163.19736992705802,61.225021119490805],[-163.19737570811023,61.22501687216766],[-163.19737879458498,61.22501201660601],[-163.19737894080012,61.22500693930879],[-163.19737613511825,61.225002044428855],[-163.19737060087286,61.22499772159847],[-163.1973627785905,61.22499431491464],[-163.1973532909247,61.224992095549055],[-163.1973428930928,61.224991240162986],[-163.19733241276094,61.22499181684501],[-163.19732268416217,61.22499377969133],[-163.19731448169193,61.224996972459635],[-163.19730845826666,61.22500114100588],[-163.19730509335136,61.225005953514085],[-163.19730465479452,61.22501102690882],[-163.1973071775066,61.22501595734788],[-163.19731246068093,61.22502035236817],[-163.19732008377756,61.22502386212577],[-163.19732943999787,61.22502620724365],[-163.197339784586,61.22502720105017],[-163.19734185665914,61.2250272287104]]]}"
0_00000000000000000012,182.2767003468179,17.079999923706055,2000-01-01 00:00:00,16.83724594116211,0.029514999999999986,0.053852500000000025,0.044997499999999996,0.7091987171719619,-0.66165348579686,2.7021769555082416,9ABM_AM7,0.4032984053803709,0.2860311125,0.17524813775000003,-0.09201438249999999,946684800000,"{""type"":""Polygon"",""coordinates"":[[[-163.19770750294552,61.225330447582046],[-163.19771794615272,61.22532973127191],[-163.19772755807927,61.225327639359904],[-163.19773557361492,61.22532433836245],[-163.1977413547228,61.22532009103929],[-163.19774444122734,61.22531523547765],[-163.19774458744388,61.225310158180434],[-163.19774178173498,61.22530526330049],[-163.19773624743624,61.225300940470106],[-163.19772842507848,61.22529753378628],[-163.19771893732127,61.2252953144207],[-163.1977085393892,61.22529445903462],[-163.19769805895632,61.225295035716655],[-163.19768833026382,61.22529699856299],[-163.19768012771456,61.22530019133128],[-163.1976741042312,61.22530435987751],[-163.1976707392835,61.22530917238573],[-163.19767030072245,61.22531424578046],[-163.1976728234588,61.225319176219536],[-163.19767810668407,61.22532357123981],[-163.1976857298541,61.22532708099741],[-163.19769508616463,61.225329426115294],[-163.19770543085244,61.225330419921804],[-163.19770750294552,61.225330447582046]]]}"
0_00000000000000000013,254.73533700856038,8.640000343322754,2000-01-01 00:00:00,24.608762741088867,0.044062500000000004,0.0721675,0.0870725,0.5614138921069864,-0.6223129358506365,1.8423396613706968,FN1_15,2.6178931173182187,0.38507979575,0.18625941550000003,-0.14306383424999997,946684800000,"{""type"":""Polygon"",""coordinates"":[[[-163.2402651633996,61.25899666053558],[-163.24027561779414,61.25899594422544],[-163.2402852400175,61.258993852313424],[-163.24029326413984,61.25899055131597],[-163.2402990514408,61.25898630399281],[-163.2403021412517,61.25898144843117],[-163.24030228762487,61.25897637113394],[-163.24029947891032,61.25897147625402],[-163.24029393868298,61.258967153423626],[-163.24028610794548,61.25896374673979],[-163.2402766100245,61.25896152737423],[-163.24026620095358,61.25896067198814],[-163.24025570929354,61.258961248670175],[-163.2402459701791,61.258963211516495],[-163.24023775884282,61.2589664042848],[-163.2402317289068,61.25897057283103],[-163.2402283603544,61.25897538533925],[-163.24022792132348,61.25898045873398],[-163.24023044676235,61.25898538917304],[-163.24023573564727,61.25898978419333],[-163.2402433669837,61.25899329395093],[-163.2402527333172,61.258995639068814],[-163.2402630890868,61.25899663287532],[-163.2402651633996,61.25899666053558]]]}"
0_00000000000000000014,259.2083062602949,5.15333333333333,2000-01-01 00:00:00,25.25617218017578,0.03064249999999999,0.06446750000000001,0.06752000000000002,0.6165597137827247,-0.6306936577611331,1.4210676737644061,FN2_33,0.7567916797511831,0.33955863325,0.17971835625,-0.1288079085,946684800000,"{""type"":""Polygon"",""coordinates"":[[[-163.2427667190906,61.27088016484299],[-163.24277717744062,61.270879448532874],[-163.24278680330463,61.27087735662085],[-163.24279483046294,61.2708740556234],[-163.24280061995353,61.27086980830023],[-163.24280371093352,61.2708649527386],[-163.24280385736208,61.270859875441374],[-163.2428010475848,61.27085498056143],[-163.24279550526126,61.27085065773106],[-163.24278767156096,61.270847251047236],[-163.24277817004636,61.270845031681645],[-163.24276775703711,61.270844176295576],[-163.2427572614075,61.2708447529776],[-163.24274751860818,61.27084671582392],[-163.2427393041651,61.270849908592226],[-163.24273327194763,61.27085407713846],[-163.2427299021207,61.27085888964667],[-163.24272946292368,61.27086396304141],[-163.24273198931806,61.27086889348047],[-163.24273728020404,61.27087328850076],[-163.24274491442785,61.27087679825836],[-163.24275428430514,61.27087914337625],[-163.24276464399296,61.27088013718276],[-163.2427667190906,61.27088016484299]]]}"
0_00000000000000000015,87.94391636000746,7.869999885559082,2000-01-01 00:00:00,23.953074455261227,0.04259812499999999,0.06873687499999998,0.07977812499999999,0.580345161475103,-0.6261002012918006,2.432681451970812,LK P2_7,1.4871198464176474,0.36167989175000004,0.18111709218750005,-0.12619327175,946684800000,"{""type"":""Polygon"",""coordinates"":[[[-163.23877136454672,61.25692763764678],[-163.2387818182529,61.25692692133664],[-163.23879143984271,61.25692482942463],[-163.23879946343672,61.25692152842717],[-163.23880525035662,61.256917281104016],[-163.23880833996415,61.256912425542374],[-163.23880848632766,61.25690734824516],[-163.23880567779804,61.256902453365214],[-163.23880013793544,61.25689813053483],[-163.23879230771357,61.256894723851005],[-163.23878281041792,61.25689250448543],[-163.23877240203237,61.256891649099344],[-163.2387619110631,61.25689222578138],[-163.2387521725899,61.2568941886277],[-163.23874396179428,61.256897381396],[-163.23873793225528,61.256901549942235],[-163.23873456392465,61.25690636245045],[-163.23873412492267,61.256911435845176],[-163.23873665019525,61.256916366284244],[-163.23874193873195,61.25692076130453],[-163.2387495695659,61.25692427106213],[-163.2387589352827,61.25692661618002],[-163.23876929037047,61.256927609986526],[-163.23877136454672,61.25692763764678]]]}"
0_00000000000000000016,98.34094108086553,9.779999732971191,2000-01-01 00:00:00,23.590688705444336,0.031027499999999986,0.056217499999999976,0.05723499999999998,0.6611559239251092,-0.6661742983751847,2.422014627081383,LK P2_8,1.43303746659834,0.31954243925,0.18326511375000004,-0.11578888325000002,946684800000,"{""type"":""Polygon"",""coordinates"":[[[-163.23848152297825,61.256842914726754],[-163.23849197665623,61.25684219841663],[-163.23850159822013,61.256840106504605],[-163.2385096217925,61.256836805507156],[-163.23851540869677,61.256832558184],[-163.23851849829597,61.25682770262236],[-163.23851864465908,61.256822625325135],[-163.23851583613705,61.2568177304452],[-163.23851029628938,61.256813407614814],[-163.23850246608862,61.25681000093099],[-163.23849296881858,61.25680778156541],[-163.23848256046108,61.25680692617933],[-163.2384720695201,61.256807502861356],[-163.23846233107318,61.256809465707676],[-163.23845412029968,61.25681265847598],[-163.23844809077696,61.25681682702221],[-163.2384447224554,61.256821639530436],[-163.2384442834546,61.25682671292516],[-163.23844680872037,61.25683164336422],[-163.2384520972428,61.25683603838451],[-163.23845972805617,61.25683954814211],[-163.23846909374774,61.25684189326],[-163.23847944880757,61.25684288706651],[-163.23848152297825,61.256842914726754]]]}"
0_00000000000000000017,252.76033504562605,14.699999809265137,2000-01-01 00:00:00,27.979034423828125,0.043182499999999985,0.07027,0.0871825,0.5556589048514001,-0.6257256990679095,1.5876520073076217,LK20_1,0.2033658620242314,0.36638060975000003,0.18330983700000006,-0.11553068300000001,946684800000,"{""type"":""Polygon"",""coordinates"":[[[-163.2466951871187,61.26082043286644],[-163.24670564212002,61.2608197165563],[-163.24671526490192,61.260817624644275],[-163.24672328949,61.26081432364683],[-163.24672907712687,61.26081007632367],[-163.24673216711716,61.26080522076203],[-163.2467323134988,61.26080014346481],[-163.24672950462124,61.26079524858487],[-163.2467239640723,61.260790925754485],[-163.2467161328803,61.26078751907066],[-163.24670663440796,61.260785299705084],[-163.24669622473283,61.260784444319],[-163.2466857324638,61.26078502100103],[-163.24667599278408,61.26078698384735],[-163.24666778097117,61.26079017661566],[-163.24666175068512,61.26079434516189],[-163.2466583819372,61.26079915767011],[-163.2466579428808,61.26080423106483],[-163.24666046846627,61.2608091615039],[-163.24666575765818,61.260813556524184],[-163.24667338943757,61.26081706628179],[-163.24668275631473,61.26081941139967],[-163.24669311268545,61.26082040520618],[-163.2466951871187,61.26082043286644]]]}"
0_00000000000000000018,78.16544098560472,8.0649995803833,2000-01-01 00:00:00,28.0798397064209,0.036335000000000006,0.06674999999999998,0.079675,0.6255192146126234,-0.6764401141548363,1.6724049665355232,LK21_4,0.7200553658834015,0.36696842775000005,0.22283163800000003,-0.08568608525000002,946684800000,"{""type"":""Polygon"",""coordinates"":[[[-163.2423743181979,61.26026750433579],[-163.24238477301526,61.26026678802567],[-163.2423943956278,61.260264696113644],[-163.24240242007468,61.260261395116196],[-163.24240820760969,61.26025714779303],[-163.2424112975456,61.2602522922314],[-163.24241144392468,61.26024721493418],[-163.24240863509655,61.260242320054225],[-163.24240309464508,61.260237997223854],[-163.24239526359088,61.260234590540016],[-163.24238576528572,61.26023237117445],[-163.24237535579383,61.26023151578837],[-163.2423648637094,61.260232092470396],[-163.24235512420105,61.260234055316715],[-163.24234691253267,61.26023724808502],[-163.24234088235275,61.26024141663126],[-163.24233751366413,61.260246229139476],[-163.24233707461545,61.2602513025342],[-163.24233960015647,61.26025623297326],[-163.2423448892553,61.26026062799355],[-163.24235252090037,61.26026413775115],[-163.2423618876127,61.26026648286904],[-163.24237224380116,61.26026747667555],[-163.2423743181979,61.26026750433579]]]}"
0_00000000000000000019,162.1898186639346,4.369999885559082,2000-01-01 00:00:00,27.94792938232422,0.03672,0.06606250000000002,0.08248,0.6063570849043097,-0.6718553058854939,1.6729106359505717,LK21_6,0.620114537827134,0.3667195857500001,0.21416353075000005,-0.09321103674999999,946684800000,"{""type"":""Polygon"",""coordinates"":[[[-163.24282914650536,61.26020953602209],[-163.24283960130344,61.26020881971197],[-163.24284922389825,61.26020672779995],[-163.2428572483303,61.2602034268025],[-163.24286303585464,61.26019917947934],[-163.24286612578487,61.2601943239177],[-163.24286627216367,61.26018924662047],[-163.2428634633407,61.26018435174054],[-163.24285792289947,61.260180028910156],[-163.2428500918597,61.26017662222632],[-163.24284059357205,61.26017440286074],[-163.24283018409938,61.26017354747467],[-163.24281969203432,61.2601741241567],[-163.24280995254395,61.26017608700302],[-163.2428017408907,61.26017927977132],[-163.24279571072194,61.260183448317555],[-163.24279234203948,61.26018826082578],[-163.24279190299163,61.2601933342205],[-163.242794428528,61.260198264659564],[-163.24279971761706,61.260202659679855],[-163.24280734924807,61.26020616943745],[-163.2428167159431,61.260208514555345],[-163.24282707211248,61.260209508361854],[-163.24282914650536,61.26020953602209]]]}"
0_0000000000000000001a,125.05017750111676,15.2033333333333,2000-01-01 00:00:00,25.67761993408203,0.0533575,0.08586250000000001,0.10703750000000001,0.49065840267905475,-0.5697436250775139,2.7946311284222767,LP1_18,0.4651012160353,0.4104454685,0.174053579,-0.14215956000000002,946684800000,"{""type"":""Polygon"",""coordinates"":[[[-163.2463206226302,61.23602337190822],[-163.24633106938768,61.236022655598084],[-163.2463406845819,61.23602056368606],[-163.24634870284254,61.23601726268861],[-163.2463544859158,61.23601301536546],[-163.24635757346962,61.236008159803816],[-163.24635771973587,61.23600308250659],[-163.2463549130731,61.235998187626656],[-163.24634937689294,61.23599386479627],[-163.2463415518759,61.23599045811245],[-163.2463320608932,61.23598823874687],[-163.24632165942623,61.235987383360786],[-163.24631117543044,61.23598796004281],[-163.24630144343053,61.235989922889146],[-163.2462932380927,61.235993115657436],[-163.2462872125616,61.235997284203684],[-163.24628384647,61.23600209671189],[-163.2462834077598,61.23600717010662],[-163.2462859313538,61.23601210054568],[-163.24629121637514,61.23601649556597],[-163.2462988421368,61.23602000532357],[-163.2463082016281,61.23602235044146],[-163.2463185498327,61.23602334424797],[-163.2463206226302,61.23602337190822]]]}"
0_0000000000000000001b,279.6272649202823,16.0,2000-01-01 00:00:00,21.916004180908203,0.049754999999999994,0.07849250000000002,0.09444249999999998,0.5341636352426167,-0.5969835055516333,2.7199941839390336,P1_21,3.0973760856213444,0.39146827674999995,0.18088212875,-0.133929305,946684800000,"{""type"":""Polygon"",""coordinates"":[[[-163.25582742607614,61.23468118249112],[-163.25583787238781,61.234680466181004],[-163.25584748717176,61.23467837426898],[-163.2558555050902,61.234675073271525],[-163.2558612879167,61.23467082594837],[-163.25586437533877,61.23466597038673],[-163.25586452159877,61.23466089308951],[-163.25586171505577,61.234655998209576],[-163.25585617911184,61.23465167537918],[-163.2558483544287,61.23464826869536],[-163.255838863851,61.234646049329776],[-163.2558284628279,61.2346451939437],[-163.2558179792795,61.23464577062572],[-163.25580824769486,61.23464773347205],[-163.2558000427072,61.234650926240356],[-163.25579401743323,61.23465509478659],[-163.25579065148523,61.234659907294805],[-163.25579021279378,61.23466498068954],[-163.25579273628009,61.2346699111286],[-163.25579802107592,61.23467430614889],[-163.25580564651216,61.23467781590649],[-163.25581500560406,61.23468016102437],[-163.25582535336707,61.234681154830874],[-163.25582742607614,61.23468118249112]]]}"
0_0000000000000000001c,247.24808026789586,11.779999732971191,2000-01-01 00:00:00,22.89874267578125,0.047142500000000004,0.07511000000000001,0.09180250000000001,0.5294743248870807,-0.5978260869565217,2.7144849619376514,P1_23,2.0343456916982636,0.38059380875000004,0.17322868074999997,-0.1371855195,946684800000,"{""type"":""Polygon"",""coordinates"":[[[-163.25556879821505,61.23466780518797],[-163.2555792445223,61.23466708887784],[-163.25558885930215,61.23466499696582],[-163.2555968772172,61.23466169596837],[-163.2556026600412,61.234657448645216],[-163.25560574746194,61.234652593083574],[-163.2556058937219,61.23464751578636],[-163.2556030871801,61.23464262090641],[-163.25559755123854,61.23463829807603],[-163.25558972655872,61.23463489139219],[-163.25558023598506,61.23463267202661],[-163.25556983496637,61.234631816640544],[-163.25555935142242,61.23463239332257],[-163.25554961984193,61.23463435616889],[-163.25554141485776,61.234637548937194],[-163.25553538958636,61.234641717483434],[-163.25553202363977,61.23464652999165],[-163.25553158494853,61.234651603386375],[-163.25553410843375,61.23465653382544],[-163.2555393932273,61.23466092884573],[-163.25554701866034,61.234664438603325],[-163.25555637774823,61.23466678372122],[-163.25556672550687,61.234667777527726],[-163.25556879821505,61.23466780518797]]]}"
0_0000000000000000001d,295.77124905789526,14.7466666666667,2000-01-01 00:00:00,17.556915283203125,0.04851749999999999,0.07582499999999998,0.091665,0.5309723759026281,-0.59563504496277,3.901709652650651,RP1_24,2.29971495972342,0.37814950975,0.17316812025000006,-0.13037796325,946684800000,"{""type"":""Polygon"",""coordinates"":[[[-163.2584449183945,61.23889949208769],[-163.2584553661074,61.238898775777564],[-163.25846498218095,61.23889668386555],[-163.2584730011749,61.23889338286809],[-163.25847878477708,61.23888913554492],[-163.25848187261323,61.238884279983296],[-163.25848201889286,61.23887920268608],[-163.25847921197342,61.238874307806135],[-163.25847367528695,61.23886998497575],[-163.25846584955426,61.238866578291926],[-163.25845635770358,61.23886435892635],[-163.25844595528534,61.23886350354025],[-163.25843547033074,61.2388640802223],[-163.25842573744077,61.23886604306862],[-163.25841753135253,61.23886923583692],[-163.25841150527037,61.238873404383156],[-163.2584081388709,61.23887821689137],[-163.2584077001206,61.238883290286104],[-163.2584102239454,61.238888220725165],[-163.25841550945006,61.238892615745456],[-163.25842313590914,61.238896125503054],[-163.2584324962564,61.23889847062094],[-163.25844284540742,61.23889946442745],[-163.2584449183945,61.23889949208769]]]}"
0_0000000000000000001e,51.32211232424941,8.90999984741211,2000-01-01 00:00:00,29.136093139648438,0.04543749999999999,0.0721675,0.090785,0.5249811962457895,-0.6030608877399484,1.4681086775807919,U1_48,0.037905151887579154,0.3658054555,0.16938124375,-0.12283695174999999,946684800000,"{""type"":""Polygon"",""coordinates"":[[[-163.24748444800514,61.25851061852076],[-163.24749490223795,61.25850990221062],[-163.2475045243125,61.258507810298596],[-163.24751254831068,61.25850450930115],[-163.2475183355221,61.25850026197799],[-163.24752142528527,61.25849540641635],[-163.24752157165614,61.258490329119134],[-163.24751876298504,61.25848543423918],[-163.2475132228434,61.258481111408805],[-163.24750539222703,61.25847770472498],[-163.24749589445292,61.25847548535939],[-163.24748548554305,61.25847462997332],[-163.2474749940453,61.25847520665535],[-163.2474652550815,61.258477169501674],[-163.24745704387223,61.25848036226998],[-163.24745101402948,61.25848453081621],[-163.24744764552918,61.25848934332443],[-163.2474472065051,61.25849441671915],[-163.24744973190488,61.25849934715822],[-163.24745502070797,61.258503742178505],[-163.24746265192636,61.25850725193611],[-163.24747201811496,61.258509597053994],[-163.2474823737244,61.2585105908605],[-163.24748444800514,61.25851061852076]]]}"
0_0000000000000000001f,248.5980872271267,14.0066666666667,2000-01-01 00:00:00,28.989351272583008,0.04618,0.07659500000000002,0.09529500000000002,0.5353163476776789,-0.608660109848001,1.507128829014498,U1_49,0.36905033238934426,0.38811813600000006,0.18528487325000004,-0.12641674774999995,946684800000,"{""type"":""Polygon"",""coordinates"":[[[-163.24737297047884,61.25830104077123],[-163.2473834246419,61.258300324461096],[-163.24739304665223,61.25829823254907],[-163.24740107059694,61.25829493155162],[-163.24740685776976,61.25829068422847],[-163.2474099475123,61.25828582866682],[-163.24741009388222,61.2582807513696],[-163.24740728522988,61.25827585648967],[-163.24740174512513,61.25827153365928],[-163.247393914561,61.25826812697545],[-163.24738441685028,61.25826590760988],[-163.2473740080098,61.2582650522238],[-163.247363516582,61.258265628905825],[-163.2473537776832,61.258267591752144],[-163.24734556652868,61.25827078452045],[-163.24733953672614,61.25827495306668],[-163.24733616824832,61.2582797655749],[-163.24733572922713,61.25828483896963],[-163.2473382546101,61.25828976940869],[-163.24734354337792,61.25829416442898],[-163.2473511745454,61.25829767418658],[-163.24736054067154,61.258300019304464],[-163.24737089621192,61.25830101311098],[-163.24737297047884,61.25830104077123]]]}"
0_00000000000000000020,217.81736436554436,9.800000190734863,2000-01-01 00:00:00,28.98574447631836,0.046125,0.07513750000000002,0.091665,0.5299471821957848,-0.5976492165170652,1.5921083870277406,U1_50,0.20345844862144544,0.37651247325000003,0.17362397675,-0.13027523425000004,946684800000,"{""type"":""Polygon"",""coordinates"":[[[-163.24726595205354,61.258185104143834],[-163.24727640617803,61.25818438783371],[-163.2472860281529,61.25818229592169],[-163.24729405206799,61.258178994924236],[-163.24729983921947,61.25817474760108],[-163.2473029289506,61.25816989203944],[-163.24730307532,61.25816481474221],[-163.247300266678,61.25815991986228],[-163.2472947265937,61.258155597031895],[-163.24728689605845,61.25815219034807],[-163.24727739838275,61.258149970982494],[-163.24726698958068,61.25814911559641],[-163.2472564981916,61.258149692278444],[-163.2472467593287,61.25815165512476],[-163.2472385482045,61.25815484789307],[-163.24723251842423,61.2581590164393],[-163.2472291499588,61.25816382894752],[-163.24722871093925,61.25816890234224],[-163.2472312363129,61.25817383278131],[-163.24723652506123,61.258178227801594],[-163.24724415620054,61.2581817375592],[-163.24725352229214,61.25818408267708],[-163.24726387779427,61.25818507648359],[-163.24726595205354,61.258185104143834]]]}"
0_00000000000000000021,224.74381264551926,5.960000038146973,2000-01-01 00:00:00,17.48358154296875,0.05696000000000001,0.08872249999999998,0.10574499999999998,0.4986784871937706,-0.5616937450984025,2.6108906814912363,U2_51,2.502104242782,0.41298072375,0.17526977475000002,-0.1393201135,946684800000,"{""type"":""Polygon"",""coordinates"":[[[-163.24369867121078,61.32075966922683],[-163.2437091462011,61.32075895291671],[-163.24371878738083,61.32075686100469],[-163.24372682731118,61.320753560007226],[-163.24373262601344,61.32074931268407],[-163.2437357219115,61.32074445712243],[-163.243735868573,61.3207393798252],[-163.2437330543251,61.32073448494527],[-163.24372750318315,61.320730162114884],[-163.24371965701866,61.32072675543106],[-163.24371014038616,61.320724536065484],[-163.24369971080878,61.3207236806794],[-163.24368919847953,61.32072425736144],[-163.24367944017848,61.32072622020776],[-163.2436712126654,61.32072941297606],[-163.24366517085,61.32073358152229],[-163.24366179566135,61.32073839403049],[-163.2436613557655,61.32074346742523],[-163.24366388617963,61.32074839786429],[-163.24366918548395,61.32075279288458],[-163.24367683185457,61.320756302642195],[-163.24368621664033,61.32075864776009],[-163.24369659281143,61.320759641566596],[-163.24369867121078,61.32075966922683]]]}"
0_00000000000000000022,193.77141958254737,5.974999904632568,2000-01-01 00:00:00,18.354711532592773,0.05756499999999998,0.09050999999999998,0.10684500000000002,0.5004324956165984,-0.5600063196529054,2.578714295866087,U2_52,0.9777286452693735,0.4176707525,0.17839837825000004,-0.13829535075,946684800000,"{""type"":""Polygon"",""coordinates"":[[[-163.2432839748128,61.320781964732106],[-163.24329444981058,61.320781248421966],[-163.24330409099719,61.32077915650996],[-163.24331213093322,61.320775855512494],[-163.24331792963963,61.32077160818934],[-163.24332102553987,61.3207667526277],[-163.2433211722015,61.320761675330466],[-163.2433183579516,61.32075678045053],[-163.24331280680568,61.32075245762015],[-163.2433049606356,61.32074905093633],[-163.24329544399635,61.32074683157075],[-163.24328501441153,61.32074597618467],[-163.24327450207483,61.3207465528667],[-163.24326474376682,61.320748515713035],[-163.24325651624787,61.320751708481325],[-163.2432504744282,61.32075587702756],[-163.24324709923712,61.32076068953576],[-163.24324665934097,61.320765762930506],[-163.2432491897569,61.32077069336957],[-163.243254489065,61.32077508838985],[-163.24326213544106,61.32077859814747],[-163.24327152023346,61.320780943265355],[-163.243281896412,61.32078193707185],[-163.2432839748128,61.320781964732106]]]}"
0_00000000000000000023,225.19211050667502,4.89285714285714,2000-01-01 00:00:00,26.711837768554688,0.04386999999999999,0.07824500000000001,0.09026250000000002,0.5500514066735208,-0.5979136422615912,1.6452980162594817,U3_54,1.3745735605721838,0.37677026925,0.183989428,-0.11656524674999996,946684800000,"{""type"":""Polygon"",""coordinates"":[[[-163.23712595625798,61.2704030410303],[-163.2371364144491,61.27040232472016],[-163.2371460401669,61.270400232808136],[-163.23715406720325,61.27039693181069],[-163.2371598566059,61.27039268448752],[-163.23716294753893,61.27038782892589],[-163.23716309396525,61.27038275162866],[-163.2371602842307,61.270377856748716],[-163.23715474199133,61.270373533918345],[-163.23714690841007,61.27037012723452],[-163.23713740703977,61.27036790786893],[-163.23712699418874,61.27036705248286],[-163.23711649871856,61.270367629164895],[-163.23710675606728,61.270369592011214],[-163.23709854174896,61.27037278477952],[-163.2370925096231,61.27037695332575],[-163.23708913984737,61.27038176583397],[-163.23708870065704,61.27038683922869],[-163.23709122701302,61.27039176966776],[-163.23709651781866,61.270396164688044],[-163.23710415192647,61.27039967444565],[-163.23711352166143,61.270402019563534],[-163.23712388119185,61.27040301337004],[-163.23712595625798,61.2704030410303]]]}"
0_00000000000000000024,101.7041071389656,8.505000114440918,2000-01-01 00:00:00,26.74462890625,0.04700499999999999,0.073405,0.09207749999999998,0.537516873332287,-0.6131641700591545,1.6570662935449683,U3_55,0.17787565398125485,0.36837680175,0.17971676125000005,-0.10683612075,946684800000,"{""type"":""Polygon"",""coordinates"":[[[-163.23729540209803,61.27062153698189],[-163.23730586036191,61.27062082067177],[-163.23731548614666,61.27061872875975],[-163.23732351323886,61.270615427762294],[-163.2373293026818,61.27061118043913],[-163.2373323936363,61.2706063248775],[-163.23733254006365,61.27060124758027],[-163.23732973030954,61.270596352700345],[-163.23732418803164,61.27059202986995],[-163.23731635439586,61.27058862318612],[-163.23730685295948,61.27058640382056],[-163.237296440036,61.27058554843447],[-163.23728594449278,61.2705861251165],[-163.2372762017737,61.27058808796282],[-163.2372679873983,61.270591280731125],[-163.23726195523045,61.27059544927736],[-163.23725858543128,61.27060026178557],[-163.2372581462379,61.270605335180306],[-163.23726067261146,61.27061026561937],[-163.2372659634539,61.27061466063966],[-163.23727359761483,61.270618170397256],[-163.23728296741498,61.27062051551514],[-163.23729332701745,61.27062150932166],[-163.23729540209803,61.27062153698189]]]}"
0_00000000000000000025,71.4452100546389,1.68333333333333,2000-01-01 00:00:00,26.82944107055664,0.03636249999999999,0.06251499999999999,0.0715075,0.6343706657974293,-0.6728290876738496,1.5183807352395602,UBD1_MM61,1.1102517277146335,0.35319874325,0.20625207499999998,-0.10462471374999999,946684800000,"{""type"":""Polygon"",""coordinates"":[[[-163.2500751857172,61.263134706313174],[-163.2500856414887,61.26313399000304],[-163.25009526497942,61.26313189809102],[-163.25010329015865,61.26312859709357],[-163.25010907822184,61.263124349770415],[-163.25011216843976,61.26311949420877],[-163.2501123148322,61.26311441691155],[-163.2501095057477,61.26310952203161],[-163.25010396479064,61.26310519920123],[-163.25009613302174,61.2631017925174],[-163.25008663384972,61.26309957315183],[-163.25007622340783,61.26309871776574],[-163.25006573036586,61.26309929444777],[-163.25005598996867,61.2631012572941],[-163.25004777755086,61.26310445006239],[-163.2500417468206,61.26310861860864],[-163.25003837782452,61.26311343111685],[-163.25003793873583,61.263118504511574],[-163.2500404645073,61.263123434950636],[-163.25004575408883,61.26312782997093],[-163.2500533864304,61.263131339728524],[-163.25006275399755,61.263133684846416],[-163.25007311113114,61.263134678652925],[-163.2500751857172,61.263134706313174]]]}"
0_00000000000000000026,205.54565661325992,3.8299999237060547,2000-01-01 00:00:00,27.892078399658203,0.03958916666666666,0.06708916666666669,0.07438583333333333,0.6236744682673915,-0.6547326669387449,1.64720672666652,UBD15_MM13,1.3833008286358663,0.3507319465,0.20389467325,-0.08807405324999999,946684800000,"{""type"":""Polygon"",""coordinates"":[[[-163.24188381708203,61.2611860791528],[-163.24189427220503,61.261185362842674],[-163.24190389509891,61.26118327093065],[-163.2419119197804,61.2611799699332],[-163.24191770748462,61.261175722610034],[-163.24192079751086,61.261170867048406],[-163.2419209438942,61.261165789751175],[-163.24191813498396,61.261160894871246],[-163.24191259437052,61.26115657204086],[-163.24190476308738,61.26115316535702],[-163.2418952645045,61.261150945991446],[-163.24188485470827,61.261150090605376],[-163.2418743623171,61.2611506672874],[-163.24186462252402,61.26115263013373],[-163.24185641061558,61.26115582290203],[-163.24185038025934,61.26115999144827],[-163.2418470114722,61.26116480395648],[-163.2418465724107,61.26116987735121],[-163.24184909802557,61.261174807790276],[-163.24185438727903,61.261179202810546],[-163.24186201914722,61.261182712568164],[-163.2418713861334,61.26118505768605],[-163.24188174262463,61.26118605149256],[-163.24188381708203,61.2611860791528]]]}"
0_00000000000000000027,257.2380748462093,2.45333333333333,2000-01-01 00:00:00,24.649105072021484,0.040295,0.0688125,0.08129750000000002,0.5910408531562631,-0.6426229721044671,1.4174001901542195,UBD2_MM68,0.49774157674819236,0.362886039,0.19629853525,-0.10612936525,946684800000,"{""type"":""Polygon"",""coordinates"":[[[-163.27007871304295,61.267575970962405],[-163.2700891702928,61.267575254652265],[-163.2700987951442,61.267573162740256],[-163.27010682145809,61.26756986174279],[-163.27011261033968,61.26756561441964],[-163.2701157009945,61.267560758858],[-163.27011584740765,61.26755568156078],[-163.270113037926,61.26755078668082],[-163.27010749618546,61.26754646385045],[-163.27009966330925,61.26754305716663],[-163.27009016279413,61.26754083780105],[-163.27007975088029,61.26753998241497],[-163.27006925635473,61.267540559096986],[-163.27005951458034,61.26754252194333],[-163.2700513010014,61.26754571471162],[-163.27004526941843,61.26754988325786],[-163.270041899946,61.26755469576607],[-163.27004146079517,61.2675597691608],[-163.27004398692378,61.267564699599866],[-163.2700492772532,61.26756909462015],[-163.27005691067393,61.267572604377754],[-163.27006627956558,61.26757494949564],[-163.27007663816357,61.26757594330215],[-163.27007871304295,61.267575970962405]]]}"
0_00000000000000000028,257.2380748462093,3.07333333333333,2000-01-01 00:00:00,24.649105072021484,0.040295,0.0688125,0.08129750000000002,0.5910408531562631,-0.6426229721044671,1.4174001901542195,UBD3_MM57,0.49774157674819236,0.362886039,0.19629853525,-0.10612936525,946684800000,"{""type"":""Polygon"",""coordinates"":[[[-163.27015897686192,61.26764731657925],[-163.27016943413548,61.267646600269124],[-163.27017905900877,61.2676445083571],[-163.2701870853409,61.26764120735965],[-163.27019287423562,61.2676369600365],[-163.2701959648975,61.267632104474856],[-163.27019611131095,61.267627027177625],[-163.2701933018229,61.26762213229768],[-163.2701877600698,61.26761780946731],[-163.27017992717577,61.26761440278349],[-163.2701704266391,61.267612183417896],[-163.2701600147016,61.267611328031826],[-163.27014952015222,61.26761190471385],[-163.27013977835568,61.26761386756017],[-163.27013156475806,61.267617060328476],[-163.27012553316143,61.26762122887471],[-163.27012216368135,61.26762604138292],[-163.27012172452953,61.26763111477766],[-163.27012425066388,61.26763604521672],[-163.27012954100533,61.26764044023701],[-163.2701371744434,61.26764394999461],[-163.2701465433563,61.2676462951125],[-163.27015690197783,61.26764728891901],[-163.27015897686192,61.26764731657925]]]}"
0_00000000000000000029,240.6314648054642,2.51666666666667,2000-01-01 00:00:00,27.046106338500977,0.037434999999999996,0.0661175,0.0718375,0.6484757291055001,-0.6718734491315137,1.52175721614485,UBM1_MM23,0.4134707089974163,0.37228605875,0.21918989550000004,-0.11481079349999998,946684800000,"{""type"":""Polygon"",""coordinates"":[[[-163.2499681672919,61.26306781979736],[-163.24997862304113,61.26306710348723],[-163.24998824651138,61.26306501157521],[-163.24999627167352,61.26306171057776],[-163.25000205972438,61.26305746325459],[-163.25000514993573,61.26305260769296],[-163.25000529632786,61.263047530395745],[-163.25000248724936,61.26304263551579],[-163.24999694630407,61.26303831268542],[-163.24998911455182,61.26303490600158],[-163.24997961540004,61.263032686636],[-163.24996920498032,61.26303183124993],[-163.24995871196072,61.26303240793195],[-163.24994897158425,61.26303437077828],[-163.24994075918391,61.26303756354658],[-163.2499347284665,61.26304173209282],[-163.24993135947759,61.26304654460104],[-163.2499309203898,61.263051617995764],[-163.24993344615592,61.263056548434825],[-163.2499387357262,61.2630609434551],[-163.24994636805152,61.26306445321271],[-163.24995573559872,61.263066798330605],[-163.24996609271028,61.263067792137115],[-163.2499681672919,61.26306781979736]]]}"
0_0000000000000000002a,119.86053989274286,4.82166666666667,2000-01-01 00:00:00,27.03382110595703,0.042440000000000005,0.06829000000000002,0.07527499999999998,0.6316053491245887,-0.6599780920135431,1.6552840646069396,UBM14_MM16,2.606048139120629,0.369128,0.21263813325000003,-0.10333927025000002,946684800000,"{""type"":""Polygon"",""coordinates"":[[[-163.24171437124198,61.26103892881806],[-163.24172482631602,61.26103821250792],[-163.24173444916482,61.261036120595904],[-163.24174247380876,61.26103281959845],[-163.24174826148587,61.26102857227529],[-163.24175135149764,61.26102371671365],[-163.24175149788033,61.261018639416434],[-163.2417486889832,61.26101374453649],[-163.24174314839573,61.261009421706106],[-163.24173531714922,61.26100601502228],[-163.24172581861086,61.26100379565671],[-163.24171540886337,61.26100294027062],[-163.24170491652134,61.261003516952655],[-163.2416951767739,61.261005479798975],[-163.2416869649039,61.26100867256728],[-163.24168093457592,61.261012841113526],[-163.24167756580457,61.26101765362173],[-163.24167712674512,61.26102272701646],[-163.24167965234813,61.26102765745552],[-163.2416849415768,61.26103205247581],[-163.24169257340927,61.26103556223341],[-163.2417019403516,61.261037907351295],[-163.24171229679433,61.261038901157804],[-163.24171437124198,61.26103892881806]]]}"
0_0000000000000000002b,113.4408972913918,4.69307692307692,2000-01-01 00:00:00,28.310401916503906,0.042192499999999994,0.07249749999999999,0.0747525,0.6384204702795194,-0.6474049936469917,1.6552990180034846,UBM15_MM11,3.2709653156814795,0.3803055565,0.21609560925,-0.11471063575000001,946684800000,"{""type"":""Polygon"",""coordinates"":[[[-163.2417723395557,61.261194997354906],[-163.24178279468168,61.26119428104479],[-163.2417924175783,61.261192189132764],[-163.24180044226205,61.261188888135315],[-163.24180622996792,61.26118464081216],[-163.241809319995,61.26117978525052],[-163.24180946637844,61.26117470795329],[-163.24180665746738,61.26116981307336],[-163.24180111685237,61.26116549024297],[-163.241793285567,61.26116208355915],[-163.24178378698144,61.26115986419356],[-163.24177337718226,61.26115900880749],[-163.2417628847881,61.261159585489516],[-163.24175314499226,61.261161548335835],[-163.24174493308146,61.26116474110414],[-163.24173890272354,61.26116890965037],[-163.24173553393544,61.261173722158595],[-163.24173509487383,61.26117879555332],[-163.24173762048937,61.26118372599238],[-163.24174290974435,61.26118812101267],[-163.24175054161472,61.26119163077027],[-163.24175990860354,61.26119397588816],[-163.24177026509773,61.26119496969467],[-163.2417723395557,61.261194997354906]]]}"
0_0000000000000000002c,270.78452266669325,2.12666666666667,2000-01-01 00:00:00,25.97039794921875,0.03751750000000001,0.06504500000000002,0.0723875,0.6121751942137691,-0.6445215632962843,1.529657688713664,UBM2_MM26,1.3362525065767066,0.35897196949999993,0.18931969249999997,-0.13368306175,946684800000,"{""type"":""Polygon"",""coordinates"":[[[-163.25018220414248,61.2632952339511],[-163.2501926599674,61.263294517640965],[-163.25020228350732,61.26329242572894],[-163.25021030872753,61.26328912473149],[-163.25021609682028,61.263284877408324],[-163.25021918705403,61.2632800218467],[-163.25021933344718,61.263274944549465],[-163.25021652434833,61.26327004966952],[-163.25021098336293,61.26326572683915],[-163.25020315155405,61.26326232015531],[-163.25019365233348,61.26326010078975],[-163.25018324183839,61.26325924540367],[-163.25017274874284,61.26325982208569],[-163.25016300829586,61.26326178493203],[-163.2501547958361,61.26326497770032],[-163.250148765075,61.26326914624656],[-163.25014539606173,61.26327395875477],[-163.25014495697076,61.2632790321495],[-163.25014748275515,61.26328396258856],[-163.25015277236372,61.26328835760885],[-163.2501604047443,61.26329186736645],[-163.2501697723593,61.26329421248434],[-163.25018012954584,61.26329520629085],[-163.25018220414248,61.2632952339511]]]}"
0_0000000000000000002d,160.34214061137908,3.46333333333333,2000-01-01 00:00:00,26.834984461466473,0.03687583333333333,0.06581500000000001,0.06917916666666667,0.6365897283826216,-0.6511239196599784,1.5252175583626342,UBM3_MM105,1.7490346988445955,0.35167979816666667,0.19984046191666668,-0.1100438445,946684800000,"{""type"":""Polygon"",""coordinates"":[[[-163.2501688268393,61.26276014182468],[-163.25017928248616,61.26275942551455],[-163.25018890586216,61.26275733360253],[-163.2501969309457,61.26275403260508],[-163.25020271893987,61.26274978528191],[-163.25020580912096,61.262744929720284],[-163.25020595551166,61.26273985242305],[-163.25020314646065,61.26273495754311],[-163.2501976055696,61.26273063471274],[-163.2501897738941,61.2627272280289],[-163.25018027483534,61.262725008663324],[-163.25016986451757,61.262724153277254],[-163.25015937160072,61.26272472995929],[-163.25014963131966,61.26272669280561],[-163.25014141899973,61.26272988557391],[-163.2501353883414,61.262734054120145],[-163.25013201938546,61.26273886662835],[-163.25013158030197,61.262743940023086],[-163.25013410604336,61.262748870462154],[-163.25013939556183,61.26275326548244],[-163.2501470278124,61.26275677524004],[-163.25015639526785,61.26275912035793],[-163.250166752278,61.262760114164436],[-163.2501688268393,61.26276014182468]]]}"
0_0000000000000000002e,122.74479963605975,2.23333333333333,2000-01-01 00:00:00,27.360050201416016,0.0381775,0.06840000000000002,0.073845,0.6463383241240175,-0.668088048864815,1.51638186548302,UBT1_MM69,1.9393712295460641,0.37405482025,0.22294744600000002,-0.10499404425,946684800000,"{""type"":""Polygon"",""coordinates"":[[[-163.2505344731257,61.26199763554453],[-163.2505449285188,61.261996919234406],[-163.25055455166122,61.26199482732239],[-163.25056257654998,61.261991526324934],[-163.2505683644037,61.261987279001765],[-163.25057145450978,61.26198242344014],[-163.25057160089693,61.261977346142906],[-163.2505687919141,61.26197245126298],[-163.25056325115756,61.26196812843259],[-163.2505554196721,61.261964721748754],[-163.25054592084388,61.26196250238319],[-163.25053551077875,61.26196164699711],[-163.25052501811658,61.26196222367914],[-163.2505152780719,61.26196418652546],[-163.25050706595133,61.261967379293765],[-163.2505010354393,61.26197154784],[-163.25049766656517,61.261976360348214],[-163.25049722749233,61.261981433742946],[-163.25049975317242,61.26198636418201],[-163.2505050425625,61.261990759202284],[-163.25051267462786,61.261994268959896],[-163.250522041856,61.26199661407778],[-163.25053239861472,61.26199760788429],[-163.2505344731257,61.26199763554453]]]}"
0_0000000000000000002f,148.74722372664365,2.0899999141693115,2000-01-01 00:00:00,27.552906036376953,0.039525000000000005,0.06619999999999998,0.07601750000000002,0.6252734319639655,-0.6655763377577955,1.5390129465148856,UBT2_MM50,0.1033562691251275,0.37032690375,0.210712971,-0.11333929325,946684800000,"{""type"":""Polygon"",""coordinates"":[[[-163.25114536997003,61.26184602610872],[-163.25115582531265,61.261845309798595],[-163.25116544840867,61.26184321788657],[-163.25117347325872,61.26183991688912],[-163.25117926108447,61.261835669565954],[-163.25118235117566,61.26183081400433],[-163.2511824975621,61.26182573670711],[-163.25117968859283,61.261820841827166],[-163.251174147863,61.26181651899678],[-163.25116631641538,61.26181311231296],[-163.25115681763296,61.26181089294738],[-163.25114640761808,61.2618100375613],[-163.25113591500653,61.26181061424332],[-163.25112617500884,61.26181257708964],[-163.2511179629279,61.26181576985795],[-163.251111932445,61.26181993840419],[-163.2511085635871,61.26182475091239],[-163.2511081245164,61.26182982430713],[-163.2511106501843,61.26183475474619],[-163.25111593954887,61.26183914976648],[-163.25112357157735,61.26184265952408],[-163.2511329387603,61.26184500464197],[-163.2511432954691,61.26184599844848],[-163.25114536997003,61.26184602610872]]]}"
0_00000000000000000030,113.03869840079241,4.840000152587891,2000-01-01 00:00:00,27.487234115600586,0.036610000000000004,0.06639250000000002,0.07791500000000001,0.6189928972236823,-0.6659265735365338,1.527776842894091,UBT3_MM59,0.8598929323788898,0.36877230125,0.21141651174999998,-0.10911198225000002,946684800000,"{""type"":""Polygon"",""coordinates"":[[[-163.25111415626264,61.26158739824762],[-163.25112461151917,61.26158668193748],[-163.25113423453598,61.26158459002547],[-163.25114225931998,61.26158128902802],[-163.25114804709813,61.26157704170487],[-163.25115113716384,61.261572186143226],[-163.25115128354906,61.261567108845995],[-163.2511484746029,61.26156221396605],[-163.25114293391871,61.26155789113568],[-163.25113510253556,61.26155448445186],[-163.25112560383135,61.26155226508628],[-163.25111519390214,61.261551409700196],[-163.25110470137696,61.26155198638222],[-163.25109496145947,61.26155394922854],[-163.2510867494461,61.26155714199684],[-163.25108071901286,61.26156131054308],[-163.2510773501827,61.26156612305129],[-163.2510769111156,61.26157119644603],[-163.25107943676272,61.26157612688509],[-163.25108472608372,61.26158052190538],[-163.25109235804942,61.26158403166298],[-163.25110172515522,61.26158637678087],[-163.25111208177876,61.26158737058738],[-163.25111415626264,61.26158739824762]]]}"
0_00000000000000000031,146.72671865967723,3.012500047683716,2000-01-01 00:00:00,17.69976043701172,0.027315000000000006,0.060865,0.060177499999999995,0.6672978576364893,-0.6641351957234005,2.5317038352843,UNB21_89,2.1472671117124356,0.33601189500000006,0.19902913674999997,-0.11625207675000002,946684800000,"{""type"":""Polygon"",""coordinates"":[[[-163.24240107280423,61.32075521012579],[-163.24241154779307,61.32075449381565],[-163.2424211889714,61.320752401903626],[-163.24242922890062,61.32074910090618],[-163.24243502760203,61.32074485358301],[-163.24243812349965,61.32073999802137],[-163.24243827016113,61.32073492072415],[-163.24243545591364,61.320730025844206],[-163.24242990477248,61.320725703013835],[-163.2424220586091,61.32072229633001],[-163.24241254197796,61.320720076964434],[-163.2424021124021,61.32071922157835],[-163.2423916000743,61.32071979826038],[-163.24238184177466,61.32072176110671],[-163.24237361426273,61.32072495387501],[-163.24236757244822,61.32072912242124],[-163.24236419726003,61.32073393492944],[-163.24236375736425,61.32073900832418],[-163.242366287778,61.32074393876324],[-163.24237158708158,61.320748333783534],[-163.24237923345112,61.320751843541146],[-163.24238861823554,61.32075418865904],[-163.24239899440516,61.32075518246555],[-163.24240107280423,61.32075521012579]]]}"
0_00000000000000000032,158.85241588519298,4.059999942779541,2000-01-01 00:00:00,17.69976043701172,0.05316500000000002,0.0834975,0.09810000000000002,0.5301752264414125,-0.5856203473945409,2.5576996339103952,UNB23_86,1.6265050174738882,0.39986451349999996,0.18409475024999997,-0.12738054574999996,946684800000,"{""type"":""Polygon"",""coordinates"":[[[-163.2425080912295,61.320799801136324],[-163.2425185662332,61.3207990848262],[-163.24252820742532,61.32079699291418],[-163.24253624736593,61.32079369191671],[-163.2425420460756,61.32078944459356],[-163.24254514197764,61.320784589031916],[-163.24254528863935,61.320779511734685],[-163.24254247438785,61.32077461685475],[-163.24253692323876,61.32077029402437],[-163.24252907706423,61.32076688734055],[-163.24251956041954,61.32076466797498],[-163.24250913082884,61.3207638125889],[-163.2424986184861,61.320764389270934],[-163.24248886017256,61.32076635211725],[-163.24248063264892,61.32076954488554],[-163.24247459082582,61.32077371343178],[-163.24247121563283,61.32077852593999],[-163.24247077573645,61.320783599334725],[-163.24247330615378,61.320788529773786],[-163.2424786054649,61.32079292479408],[-163.24248625184532,61.32079643455169],[-163.24249563664307,61.32079877966957],[-163.2425060128275,61.32079977347608],[-163.2425080912295,61.320799801136324]]]}"
